combo,combo_title,policy,policy_label,per_gpu_rate,slo_attainment_completed,goodput_req_s,throughput_completed_req_s,ttft_s_median,ttft_s_p90,ttft_s_p99,tpot_s_median,tpot_s_p90,tpot_s_p99
llama13b_longbench4k,LLaMA2-13B + LongBench 4K,fcfs,DistServe,0.25,0.8072916666666667,0.4079993167582453,0.5053129061149813,0.40762927988544106,0.6951656262390316,6.249655331950634,0.032739555599012704,0.5193861614136646,5.907629413320675
llama13b_longbench4k,LLaMA2-13B + LongBench 4K,fcfs,DistServe,0.5,0.19791666666666663,0.16513896507710507,0.8385646480938223,11.712201465386897,18.74447204405442,20.73678429271094,0.07321560792883645,2.609599178439627,10.766107218433163
llama13b_longbench4k,LLaMA2-13B + LongBench 4K,fcfs,DistServe,0.75,0.1354166666666666,0.11756783442061244,0.8620296380069578,26.974086491856724,38.66560167167336,41.23339830213226,0.0746327481711711,2.555303850475078,10.97697593034244
llama13b_longbench4k,LLaMA2-13B + LongBench 4K,fcfs,DistServe,1.0,0.13020833333333331,0.11524274189036965,0.8747420852069967,32.48376797931269,50.53187590604648,52.08404958159663,0.07426521125196706,2.672699010372162,10.974163335282345
llama13b_longbench4k,LLaMA2-13B + LongBench 4K,fcfs,DistServe,1.25,0.12499999999999994,0.11175737885006154,0.8814811362378492,35.93768556509167,58.05972260795534,58.936122513515876,0.0788171211051044,2.732553120718027,10.98803678425028
llama13b_longbench4k,LLaMA2-13B + LongBench 4K,fcfs,DistServe,1.5,0.1145833333333333,0.10304940787410766,0.8866941581612603,38.079056930262595,62.93185394676402,63.48982641752809,0.08115021350721895,2.800265390914865,10.660357331344848
llama13b_longbench4k,LLaMA2-13B + LongBench 4K,fcfs,DistServe,1.75,0.1145833333333333,0.10316809251013195,0.8874618833621625,40.103966808877885,66.75079870363697,67.2693780922331,0.08159604944233004,2.7969332221740237,10.646766598336388
llama13b_longbench4k,LLaMA2-13B + LongBench 4K,fcfs,DistServe,2.0,0.10937499999999994,0.09844082745842435,0.8882030411168673,41.64695967454463,69.52859439142048,70.25577791784892,0.08095626623178709,2.795499115499357,10.639319838630026
llama13b_longbench4k,LLaMA2-13B + LongBench 4K,fcfs,DistServe,2.25,0.10937499999999994,0.09845974998877939,0.8883602169697653,43.04233763506636,71.75449298322201,72.73013698919677,0.0804892484751394,2.7936708888349435,10.626757779857133
llama13b_longbench4k,LLaMA2-13B + LongBench 4K,fcfs,DistServe,2.5,0.10937499999999994,0.0985053254087081,0.8884401658028453,44.06363338464871,73.55312614375725,74.71330349468626,0.0806705582564553,2.7951501260589193,10.618141548382107
llama13b_longbench4k,LLaMA2-13B + LongBench 4K,fcfs,DistServe,2.75,0.10937499999999994,0.0984313460111079,0.8880018048997032,44.9866561521776,75.06109149986878,76.36650906233118,0.0807526087762517,2.7935184221947567,10.652148996153837
llama13b_longbench4k,LLaMA2-13B + LongBench 4K,fcfs,DistServe,3.0,0.10937499999999994,0.09849751762493619,0.8885383243276875,45.654177197255194,76.2177007785067,77.67229320965708,0.08141640495930785,2.795630129651787,10.630915714474384
llama13b_longbench4k,LLaMA2-13B + LongBench 4K,fcfs,DistServe,3.25,0.10937499999999994,0.09848374306607656,0.8885242694802189,46.29169267928228,77.24011457385495,78.81668982529082,0.08068743287028465,2.7944486376208566,10.634563571540628
llama13b_longbench4k,LLaMA2-13B + LongBench 4K,fcfs,DistServe,3.5,0.1041666666666666,0.09365570619617394,0.8884875714833019,46.837690147105604,78.12799191148952,79.81176943983883,0.08111404910739345,2.793298162007704,10.652592956926663
llama13b_longbench4k,LLaMA2-13B + LongBench 4K,fcfs,DistServe,3.75,0.0989583333333333,0.08883222261501535,0.8880570989093641,47.30485366657376,78.93278205161914,80.70631556776353,0.0812944645284969,2.79477746229774,10.632446373160917
llama13b_longbench4k,LLaMA2-13B + LongBench 4K,fcfs,DistServe,4.0,0.09374999999999994,0.08401654226403496,0.8880785489256375,47.72822686517611,79.61661894386634,81.46868610815145,0.0807394858083536,2.7926576881281413,10.637544322572637
llama13b_longbench4k,LLaMA2-13B + LongBench 4K,fcfs,DistServe,4.25,0.09374999999999994,0.0840049344001154,0.8879795843083249,48.07877019746229,80.19250695733353,82.11788811790757,0.08071471409251291,2.796421093183259,10.616846626205358
llama13b_longbench4k,LLaMA2-13B + LongBench 4K,fcfs,DistServe,4.5,0.0885416666666666,0.0792375005602181,0.888610148775218,48.351584104355425,80.65481173573062,82.64477707305923,0.0820452696663669,2.7910207462341834,10.623464713199052
llama13b_longbench4k,LLaMA2-13B + LongBench 4K,fcfs,DistServe,4.75,0.0885416666666666,0.07922154843766095,0.8883617960315286,48.67126273410395,81.14264936372638,83.18692305064761,0.08074498813774464,2.7952568204763035,10.615980364894485
llama13b_longbench4k,LLaMA2-13B + LongBench 4K,fcfs,DistServe,5.0,0.0885416666666666,0.0791757109686191,0.8879447230326594,48.92395702190697,81.60500856535509,83.69664967879653,0.08146464414536375,2.797645509351666,10.656771218078202
llama13b_longbench4k,LLaMA2-13B + LongBench 4K,phase,PhaseServe,0.25,0.9635416666666667,0.4861150954548476,0.5045284252425191,0.405089199077338,0.5840440457686782,2.3110941166523835,0.0332679130369797,0.050639648688957054,0.449635423417906
llama13b_longbench4k,LLaMA2-13B + LongBench 4K,phase,PhaseServe,0.5,0.7135416666666667,0.6694192667910298,0.9387048611993105,0.6459711748175323,5.758463265839964,9.32534255660139,0.0396064605536709,0.5875324990003975,3.9700090853807817
llama13b_longbench4k,LLaMA2-13B + LongBench 4K,phase,PhaseServe,0.75,0.24479166666666663,0.2635238246869447,1.085946476691635,8.053360586520284,17.39407658111304,19.755003374209625,0.05777745678555214,0.7844927984485892,4.002202700031919
llama13b_longbench4k,LLaMA2-13B + LongBench 4K,phase,PhaseServe,1.0,0.1979166666666666,0.21834200759992367,1.1051141227777523,11.847441814374179,28.88440788909793,30.43530073543079,0.05837513779913575,0.8577721819850719,3.9496050570858623
llama13b_longbench4k,LLaMA2-13B + LongBench 4K,phase,PhaseServe,1.25,0.1979166666666666,0.2203222546389983,1.1136372978767208,15.73537315428257,36.868098319508135,37.72160603818483,0.05840216518845405,0.9212468480380873,4.046681529446503
llama13b_longbench4k,LLaMA2-13B + LongBench 4K,phase,PhaseServe,1.5,0.1979166666666666,0.2217727436173011,1.1202507548588303,18.432610602583736,42.02994334837422,42.58364841872826,0.05822213093439735,0.8782580184051767,3.9941668245010056
llama13b_longbench4k,LLaMA2-13B + LongBench 4K,phase,PhaseServe,1.75,0.1979166666666666,0.2222919622551193,1.1225197309014874,20.401434877421707,45.72890467196703,46.411405050894246,0.05868295795905085,0.8882960516959428,3.956712265312669
llama13b_longbench4k,LLaMA2-13B + LongBench 4K,phase,PhaseServe,2.0,0.1979166666666666,0.22226506228691634,1.1224423029716273,22.103447184432298,48.61787596810609,49.57781400857493,0.0577084037099078,0.897918229107745,3.948170512914655
llama13b_longbench4k,LLaMA2-13B + LongBench 4K,phase,PhaseServe,2.25,0.1979166666666666,0.2222462839927593,1.1223565880415811,23.43685037875548,50.87760450551286,52.05959220402874,0.0579454056658137,0.897250779531896,3.9350514250807436
llama13b_longbench4k,LLaMA2-13B + LongBench 4K,phase,PhaseServe,2.5,0.19270833333333331,0.21642262328715287,1.1223965101263524,24.52964975265786,52.66120315110311,54.05416537462733,0.058077418891212956,0.8983450251165777,3.939868316706267
llama13b_longbench4k,LLaMA2-13B + LongBench 4K,phase,PhaseServe,2.75,0.19270833333333331,0.21636872315813704,1.122169279209217,25.396221848670393,54.12112575490028,55.67227256251499,0.05732052652399635,0.8936867959331721,3.9576899001141985
llama13b_longbench4k,LLaMA2-13B + LongBench 4K,phase,PhaseServe,3.0,0.1875,0.2107117952961926,1.1232469448312505,26.081611797213554,55.2710440531373,56.964593505254015,0.05891804780500625,0.8986398368841038,3.948076751152982
llama13b_longbench4k,LLaMA2-13B + LongBench 4K,phase,PhaseServe,3.25,0.1875,0.2108413048294242,1.1239516166993295,26.65761929145083,56.23572887899354,58.06965694632381,0.05846931910352955,0.8984669618774206,3.9452885176986427
llama13b_longbench4k,LLaMA2-13B + LongBench 4K,phase,PhaseServe,3.5,0.1875,0.2106482819498067,1.1230391676525016,27.218093635048717,57.19045299850404,59.1178351605311,0.0584614547593996,0.8948140125721693,3.956205034698357
llama13b_longbench4k,LLaMA2-13B + LongBench 4K,phase,PhaseServe,3.75,0.1875,0.21037274376848059,1.1215065399834525,27.757607508916408,58.0291690886952,60.0634071039036,0.058261313111497404,0.8977280985331163,3.940103927440939
llama13b_longbench4k,LLaMA2-13B + LongBench 4K,phase,PhaseServe,4.0,0.1875,0.21041297460885275,1.1218209275267124,28.148975782096386,58.69212139211595,60.80114763481542,0.059059393436958346,0.9004579439759254,3.955074200732631
llama13b_longbench4k,LLaMA2-13B + LongBench 4K,phase,PhaseServe,4.25,0.17708333333333331,0.19890258836605812,1.1228129395769135,28.466480924282223,59.24121434753761,61.365336976666,0.057837122708145,0.8951173902489246,3.9774894517846384
llama13b_longbench4k,LLaMA2-13B + LongBench 4K,phase,PhaseServe,4.5,0.17708333333333331,0.19897572454220044,1.1232755209529453,28.774437083862722,59.702555946074426,61.94168629366905,0.0581328029278665,0.9027026793686674,3.9374148013070203
llama13b_longbench4k,LLaMA2-13B + LongBench 4K,phase,PhaseServe,4.75,0.17708333333333331,0.19886819211171114,1.1225601864703427,29.08800623146817,60.20389705430716,62.49885172126814,0.058247420296777354,0.9005914881592616,3.95579674656037
llama13b_longbench4k,LLaMA2-13B + LongBench 4K,phase,PhaseServe,5.0,0.171875,0.1930315929995769,1.1226930315338493,29.31274148495868,60.59772036829963,62.946218044962734,0.058717396322411096,0.8975889301160349,3.929550074785945
llama13b_sharegpt,LLaMA2-13B + ShareGPT,fcfs,DistServe,0.25,1.0,0.49979200143905833,0.49979200143905833,0.0868295989930629,0.2081157910637557,0.27035773066803814,0.0261848446043811,0.028776639253324347,0.0598708770695416
llama13b_sharegpt,LLaMA2-13B + ShareGPT,fcfs,DistServe,0.5,1.0,0.9418016326900118,0.9418016326900118,0.08298568287864325,0.2060816629789769,0.2955127311591059,0.0282164670855581,0.08723433621839351,0.42322875884917555
llama13b_sharegpt,LLaMA2-13B + ShareGPT,fcfs,DistServe,0.75,0.92578125,1.1303605467810673,1.2200636163574492,0.0918237841688096,1.5856178082525727,2.9394655951671305,0.058587452800479056,0.7674637839262499,4.494580554914806
llama13b_sharegpt,LLaMA2-13B + ShareGPT,fcfs,DistServe,1.0,0.69921875,0.8790438066792283,1.255851562217328,0.13291576458141205,12.64364718971774,14.66829910551198,0.08870795656352626,1.1621022399476564,7.298179840472547
llama13b_sharegpt,LLaMA2-13B + ShareGPT,fcfs,DistServe,1.25,0.609375,0.7747731722890273,1.272394145949248,0.5626434599980712,22.352746533509347,24.908025951152666,0.0950994464125991,1.3104569956742655,9.320717686013216
llama13b_sharegpt,LLaMA2-13B + ShareGPT,fcfs,DistServe,1.5,0.58984375,0.7547554748243253,1.2813452964872554,2.8570982650853693,28.924985660798846,32.3178330589179,0.1001280732869913,1.4599666890541374,10.05643578659294
llama13b_sharegpt,LLaMA2-13B + ShareGPT,fcfs,DistServe,1.75,0.52734375,0.6779901538531478,1.2893594117897451,5.070969608612359,33.902542958036065,37.799097476275634,0.100796576247298,1.4543636953659105,10.26777259997814
llama13b_sharegpt,LLaMA2-13B + ShareGPT,fcfs,DistServe,2.0,0.51171875,0.6604552453663771,1.2940209999172176,6.676280114799738,37.47018913384527,41.70362442238256,0.10098616371862836,1.454552650072227,10.34979533037201
llama13b_sharegpt,LLaMA2-13B + ShareGPT,fcfs,DistServe,2.25,0.50390625,0.6523381146635021,1.2969856992281819,8.013504804112017,40.302121941652146,44.903245115010066,0.1027324508364,1.4644100487886083,10.502745461179247
llama13b_sharegpt,LLaMA2-13B + ShareGPT,fcfs,DistServe,2.5,0.46875,0.6082448486283774,1.2990048468544677,9.164547752588987,42.59615874970332,47.492228579958905,0.10458935954937304,1.4607268818810097,10.546836058489482
llama13b_sharegpt,LLaMA2-13B + ShareGPT,fcfs,DistServe,2.75,0.44921875,0.5843369723020819,1.3016261736126946,10.152550324331969,44.433751242700964,49.54702129934915,0.10623233405012564,1.4595592204414927,10.536894856602256
llama13b_sharegpt,LLaMA2-13B + ShareGPT,fcfs,DistServe,3.0,0.42578125,0.5540356093919667,1.3015619065560755,10.987759849522263,46.07329669278114,51.42110223499127,0.1067087472358155,1.4573882641136913,10.540026506710568
llama13b_sharegpt,LLaMA2-13B + ShareGPT,fcfs,DistServe,3.25,0.40625,0.5293223224705246,1.3029472553120605,11.711730515118688,47.43794789239764,52.986404933976004,0.1068326302547614,1.453846996203618,10.507757691861565
llama13b_sharegpt,LLaMA2-13B + ShareGPT,fcfs,DistServe,3.5,0.3828125,0.49832316242087904,1.3024145634502677,12.371142443269491,48.656514106038955,54.41138309573755,0.10683340895630125,1.4555793153195986,10.48968217677893
llama13b_sharegpt,LLaMA2-13B + ShareGPT,fcfs,DistServe,3.75,0.359375,0.46853053809739975,1.3051648576344794,12.90069847367704,49.55118570774793,55.429241311205544,0.10683546658748355,1.4532370711417566,10.385349324327263
llama13b_sharegpt,LLaMA2-13B + ShareGPT,fcfs,DistServe,4.0,0.35546875,0.46359290806100506,1.3053205360000721,13.373954097740352,50.4618338051252,56.45969679827802,0.1067675126999949,1.4556904848337404,10.381215201202284
llama13b_sharegpt,LLaMA2-13B + ShareGPT,fcfs,DistServe,4.25,0.34765625,0.4528717595759426,1.3041896074081885,13.847241177689284,51.303667175956065,57.374177238000556,0.1067021937194243,1.4557111711668538,10.37832248137336
llama13b_sharegpt,LLaMA2-13B + ShareGPT,fcfs,DistServe,4.5,0.34765625,0.45290855932267066,1.30411670768223,14.165119908750057,52.04907715963199,58.1566150806006,0.1067905257616602,1.4604229933434076,10.401207034441013
llama13b_sharegpt,LLaMA2-13B + ShareGPT,fcfs,DistServe,4.75,0.34765625,0.45312618786462505,1.3047545380543144,14.501458982937038,52.67683243108913,58.866086540455,0.10672292180246595,1.46325449746724,10.402839464950546
llama13b_sharegpt,LLaMA2-13B + ShareGPT,fcfs,DistServe,5.0,0.34765625,0.4532743044050883,1.305008014407403,14.76629035687074,53.240327327419074,59.51660137320869,0.10678780276202054,1.4682755268513303,10.409289515971642
llama13b_sharegpt,LLaMA2-13B + ShareGPT,phase,PhaseServe,0.25,1.0,0.4988185549474464,0.4988185549474464,0.08741114940494295,0.20635117171332235,0.2664308329299092,0.027139632943572,0.029637956113160897,0.044279943010769804
llama13b_sharegpt,LLaMA2-13B + ShareGPT,phase,PhaseServe,0.5,1.0,0.9374254042226553,0.9374254042226553,0.08353538718074555,0.2078378954902291,0.2914788147155196,0.0288060993688485,0.034567118202033245,0.055545219453774504
llama13b_sharegpt,LLaMA2-13B + ShareGPT,phase,PhaseServe,0.75,0.99609375,1.095596943823741,1.0997808533440323,0.08041060902178285,0.2097029959782957,0.38432311314158185,0.03477390385158445,0.15284256522555376,0.47196506573430597
llama13b_sharegpt,LLaMA2-13B + ShareGPT,phase,PhaseServe,1.0,0.94140625,1.0596332729405784,1.12522331983907,0.10229092556983224,1.078612679988146,2.3743759799934927,0.06093536696260305,0.6453895320564588,3.600965704756482
llama13b_sharegpt,LLaMA2-13B + ShareGPT,phase,PhaseServe,1.25,0.76953125,0.8620667925028471,1.11503109194167,0.32412845036014915,12.306059155333786,16.112355144545436,0.07988753206254424,0.8771359785654599,5.134764278808399
llama13b_sharegpt,LLaMA2-13B + ShareGPT,phase,PhaseServe,1.5,0.671875,0.757120207459155,1.1211497849076024,0.28534167958423495,19.357607003673905,23.05905117236078,0.08127252455673156,0.949615618684212,3.6058027135957085
llama13b_sharegpt,LLaMA2-13B + ShareGPT,phase,PhaseServe,1.75,0.671875,0.7604342158433395,1.1258925889456923,1.1900843321345747,25.294156322721392,28.851553632086144,0.0850575084823427,0.989722616137511,3.723105334479497
llama13b_sharegpt,LLaMA2-13B + ShareGPT,phase,PhaseServe,2.0,0.61328125,0.692464283486208,1.120615189908988,1.939155244268477,26.962720054294913,33.08134649724701,0.0899233560549145,1.0985696247415508,4.560890968865719
llama13b_sharegpt,LLaMA2-13B + ShareGPT,phase,PhaseServe,2.25,0.625,0.6963807438860903,1.1070175747342827,2.986146113369614,32.87437011385337,34.9034872503858,0.0960162175103606,1.181968166144893,4.564111350967686
llama13b_sharegpt,LLaMA2-13B + ShareGPT,phase,PhaseServe,2.5,0.5625,0.6497208887516797,1.1457567541288372,4.981548180337995,38.748307657148686,42.992679836964236,0.0914371913922959,1.3759573754855072,5.291011124059568
llama13b_sharegpt,LLaMA2-13B + ShareGPT,phase,PhaseServe,2.75,0.55078125,0.6339368591078993,1.142146672698357,5.287263190373778,42.55745602296665,46.2288709789142,0.09158953636379666,1.3637695091785678,5.154118617092733
llama13b_sharegpt,LLaMA2-13B + ShareGPT,phase,PhaseServe,3.0,0.515625,0.5948222337285416,1.1472892304182076,7.51199431810528,42.21078504445031,45.47859149661846,0.09260514982254285,1.324819526939581,5.78732139521
llama13b_sharegpt,LLaMA2-13B + ShareGPT,phase,PhaseServe,3.25,0.53515625,0.6145288517904955,1.1419126910723936,7.355159262660891,42.0330860607326,48.52009231630713,0.0947221106120603,1.238166122775374,6.4358220265141535
llama13b_sharegpt,LLaMA2-13B + ShareGPT,phase,PhaseServe,3.5,0.50390625,0.5771901713964547,1.1379654583289072,8.404504846315831,43.47631929479539,48.96864363315515,0.0901594947905088,1.3432608518380182,5.689205507430727
llama13b_sharegpt,LLaMA2-13B + ShareGPT,phase,PhaseServe,3.75,0.5,0.5727051818376003,1.1387417993644608,8.424332293216139,44.523844223842026,49.87047342670151,0.09010032450132416,1.32497489658523,5.1859992334949885
llama13b_sharegpt,LLaMA2-13B + ShareGPT,phase,PhaseServe,4.0,0.48828125,0.562841294668029,1.1463283260611783,9.216713140252978,44.47876862678677,53.20561797144824,0.09378337161294295,1.2449165562060296,5.610077742291737
llama13b_sharegpt,LLaMA2-13B + ShareGPT,phase,PhaseServe,4.25,0.47265625,0.5406765349710917,1.1431404187658294,9.80393277714029,49.80632443130016,55.01852808137424,0.0918165197849646,1.2792206353281976,6.506220630953105
llama13b_sharegpt,LLaMA2-13B + ShareGPT,phase,PhaseServe,4.5,0.48046875,0.5494579141120659,1.1371733829708086,9.238227877765894,49.33643146175891,55.9264435691107,0.09286996512478121,1.329107073374619,6.725065688634311
llama13b_sharegpt,LLaMA2-13B + ShareGPT,phase,PhaseServe,4.75,0.4375,0.5020903779819881,1.1476351496731156,10.658866129815578,48.719463584851475,54.09582650121301,0.09309883034915856,1.2471413263462154,6.656277115539666
llama13b_sharegpt,LLaMA2-13B + ShareGPT,phase,PhaseServe,5.0,0.43359375,0.4977664056007031,1.1472250636599077,10.97449080646038,49.21307510752231,55.06910230995156,0.09171315378406135,1.2855633316378965,6.709723965744507
opt13b_sharegpt,OPT-13B + ShareGPT,fcfs,DistServe,0.25,0.984375,0.4843190395299306,0.49200664333199295,0.07642692606896159,0.1933914681896567,0.25477586303837607,0.025490940508708503,0.0278326394181027,0.040877100030359395
opt13b_sharegpt,OPT-13B + ShareGPT,fcfs,DistServe,0.5,0.96484375,0.895919725015162,0.9287703360702297,0.0752088674344122,0.19191815210506313,0.2554197168163955,0.026821878409228,0.0322554190953572,0.2045022587888961
opt13b_sharegpt,OPT-13B + ShareGPT,fcfs,DistServe,0.75,0.734375,0.9591087589735383,1.3053948371897421,0.07549108285456894,0.2011019791476428,0.26877683367580185,0.034731152133688895,0.40839230597373966,1.6972259887103012
opt13b_sharegpt,OPT-13B + ShareGPT,fcfs,DistServe,1.0,0.4765625,0.6802055214472751,1.4264576469545855,0.1026775524951517,3.520976383704692,7.061200598515571,0.08838011274841155,1.244242678341371,5.2082980041671565
opt13b_sharegpt,OPT-13B + ShareGPT,fcfs,DistServe,1.25,0.26171875,0.37749834332957066,1.4388037068355972,1.5905740256421268,13.779723551589996,17.350763654774056,0.10781644816602005,1.5652709430150153,6.791252912217756
opt13b_sharegpt,OPT-13B + ShareGPT,fcfs,DistServe,1.5,0.25390625,0.3685334212159802,1.4459581754415167,5.656254334375262,20.314524863753466,24.315400702916087,0.1075191974020751,1.7944433779693993,7.2193544292263745
opt13b_sharegpt,OPT-13B + ShareGPT,fcfs,DistServe,1.75,0.21875,0.3197943430296394,1.451582668038991,8.368693170137703,24.972482741996643,29.087750017587098,0.11147394770105404,1.8590007479459818,7.241644356632611
opt13b_sharegpt,OPT-13B + ShareGPT,fcfs,DistServe,2.0,0.20703125,0.3031405392706251,1.4537728449438818,10.37984253372997,28.5464476452209,32.63955166119151,0.11225367858958984,1.8924942263643942,7.197151070754051
opt13b_sharegpt,OPT-13B + ShareGPT,fcfs,DistServe,2.25,0.1953125,0.2875085167225181,1.457705964166243,11.89466355741024,31.452537847496565,35.37690560061485,0.11284209329462536,1.8987593606127686,7.1999233298422824
opt13b_sharegpt,OPT-13B + ShareGPT,fcfs,DistServe,2.5,0.19140625,0.28247716729053884,1.4593101045404797,13.15504388557747,33.81956032607704,37.6407358082477,0.11288836242033065,1.9095838194979087,7.212509520291357
opt13b_sharegpt,OPT-13B + ShareGPT,fcfs,DistServe,2.75,0.19140625,0.28304601916047856,1.462375533628646,14.086053457576782,35.80376905659213,39.688135095126924,0.11394052054934325,1.9199908811545794,7.219409828567883
opt13b_sharegpt,OPT-13B + ShareGPT,fcfs,DistServe,3.0,0.1875,0.27714814165105006,1.4618707364257246,14.888635247945786,37.42895105145871,41.446438161525876,0.1147186446250681,1.932941301117784,7.226725783799781
opt13b_sharegpt,OPT-13B + ShareGPT,fcfs,DistServe,3.25,0.17578125,0.26074750585137435,1.4628606830748274,15.645062101539224,38.8838703318499,42.98348558181897,0.11393449789480255,1.9444828139059243,7.215057141352451
opt13b_sharegpt,OPT-13B + ShareGPT,fcfs,DistServe,3.5,0.17578125,0.26090596306605196,1.4636974508688398,16.219166760798544,40.073745037615296,44.221708650859085,0.11384511656672044,1.9506541196802363,7.216067307605414
opt13b_sharegpt,OPT-13B + ShareGPT,fcfs,DistServe,3.75,0.16015625,0.2374562745938154,1.4626281832359012,16.77936982503161,41.19951353706419,45.41379670358263,0.11433664580017784,1.9571001259703185,7.22568813945633
opt13b_sharegpt,OPT-13B + ShareGPT,fcfs,DistServe,4.0,0.14453125,0.215100647323544,1.462815529296535,17.181209481321275,42.16381885791197,46.441162284296,0.11523408986227845,1.959692160400251,7.2488257183088045
opt13b_sharegpt,OPT-13B + ShareGPT,fcfs,DistServe,4.25,0.14453125,0.21522201354488715,1.4639592411051328,17.560010618064553,42.90356170386075,47.257854153010996,0.11545217257591295,1.9607149181643586,7.247057771934202
opt13b_sharegpt,OPT-13B + ShareGPT,fcfs,DistServe,4.5,0.13671875,0.204230227121855,1.4635146520610638,17.924934258218855,43.63239208301529,48.04316077488475,0.11495490663744246,1.9709032329171894,7.259298898717395
opt13b_sharegpt,OPT-13B + ShareGPT,fcfs,DistServe,4.75,0.1328125,0.1982969123171226,1.463759162087094,18.255631185136735,44.3337982919067,48.80260169346817,0.1154175910323921,1.9778178586189945,7.255431545749312
opt13b_sharegpt,OPT-13B + ShareGPT,fcfs,DistServe,5.0,0.12890625,0.1926256051661428,1.4643195501100352,18.607233327347785,44.94614351037889,49.44827528701164,0.11578556945294775,1.992633367019395,7.274002490136779
opt13b_sharegpt,OPT-13B + ShareGPT,phase,PhaseServe,0.25,0.9765625,0.47949427940483663,0.4910583724262009,0.07718171691521994,0.19332449482753872,0.25693476533517245,0.0265740587126384,0.02968258653168695,0.039684011107310596
opt13b_sharegpt,OPT-13B + ShareGPT,phase,PhaseServe,0.5,0.984375,0.9089085809666169,0.9234587968377471,0.0753172752447426,0.18885035673156375,0.25624582546763125,0.028234008416765502,0.0316102529504622,0.038465344216674496
opt13b_sharegpt,OPT-13B + ShareGPT,phase,PhaseServe,0.75,0.94921875,1.1337058525167656,1.1946826558392747,0.07622037595137945,0.19663251172751184,0.2660480078589172,0.03005534592274125,0.0497833440325318,0.15362212514039136
opt13b_sharegpt,OPT-13B + ShareGPT,phase,PhaseServe,1.0,0.7265625,0.8738708097124135,1.1943222099794994,0.07624009763821954,0.1995632933452725,0.2925600078701974,0.041316974301238,0.2858315830607898,0.9192488923956027
opt13b_sharegpt,OPT-13B + ShareGPT,phase,PhaseServe,1.25,0.5625,0.6785539043809978,1.195517585785423,0.0935290339402854,1.5467551308684044,4.784284662241124,0.0655983776872487,0.8366692950141925,3.3337226968514786
opt13b_sharegpt,OPT-13B + ShareGPT,phase,PhaseServe,1.5,0.40234375,0.4892671387851094,1.1927173585911195,0.19423381844535464,7.8691978079266836,11.442982258470735,0.0766259299097843,1.039406695772583,4.195230672783222
opt13b_sharegpt,OPT-13B + ShareGPT,phase,PhaseServe,1.75,0.359375,0.43491566190660313,1.1790863476974138,2.295391066465527,14.865443497989325,19.09450495325029,0.08020824023213785,1.201800355892205,6.1223241893574665
opt13b_sharegpt,OPT-13B + ShareGPT,phase,PhaseServe,2.0,0.32421875,0.39606617312634207,1.201340963478406,2.782723401673138,20.385649105906484,22.685486017605292,0.07998406020718254,1.2453548186216947,6.238534605549656
opt13b_sharegpt,OPT-13B + ShareGPT,phase,PhaseServe,2.25,0.3125,0.3823577712711185,1.1954009383021265,5.083496257197112,21.786480248533188,27.12466732652858,0.0815944791027215,1.3400720451062431,6.592744024503055
opt13b_sharegpt,OPT-13B + ShareGPT,phase,PhaseServe,2.5,0.2734375,0.33675243562262486,1.190933859259042,6.109540783334523,23.614441412035376,29.286092196376995,0.08352656062310129,1.307791299193373,5.6923404896073135
opt13b_sharegpt,OPT-13B + ShareGPT,phase,PhaseServe,2.75,0.2421875,0.30048821067385356,1.2042672308754319,6.618393471464514,27.635425754264,29.586392558747903,0.0880282783624642,1.2622181782700737,6.472805393682798
opt13b_sharegpt,OPT-13B + ShareGPT,phase,PhaseServe,3.0,0.22265625,0.2745273389664714,1.1900809372797954,7.301259743049742,30.213902001082896,32.98794963142835,0.0881637473132437,1.2168910632151868,5.786762353936212
opt13b_sharegpt,OPT-13B + ShareGPT,phase,PhaseServe,3.25,0.21484375,0.26559733102783556,1.1812351969189072,8.46284147631377,36.2025405283086,41.195356895551086,0.0972003795265009,1.5874159175918119,7.240692539040939
opt13b_sharegpt,OPT-13B + ShareGPT,phase,PhaseServe,3.5,0.19921875,0.2437231282724384,1.1792391168528735,12.083144155330956,37.451398379262535,40.14075264820829,0.08728577553274511,1.5022756140368676,7.180303288749425
opt13b_sharegpt,OPT-13B + ShareGPT,phase,PhaseServe,3.75,0.1953125,0.23943008497123613,1.1785190133275725,12.185978240799159,39.29901784276589,41.321489694751804,0.0924684483163653,1.572846883415865,7.3659792304923855
opt13b_sharegpt,OPT-13B + ShareGPT,phase,PhaseServe,4.0,0.17578125,0.2163588506104439,1.174588710976968,12.726204680744559,38.428752211946986,44.52001221405342,0.09692005913251314,1.5532784055932565,7.653990171423192
opt13b_sharegpt,OPT-13B + ShareGPT,phase,PhaseServe,4.25,0.1796875,0.22360896197978503,1.1760330554524279,13.397970602847636,38.64973755180836,45.46048039856367,0.09565844605217215,1.6903048882584761,7.43756904093083
opt13b_sharegpt,OPT-13B + ShareGPT,phase,PhaseServe,4.5,0.17578125,0.21863424160741826,1.1771735998365696,13.781147027853876,39.358947986457494,46.405696928976106,0.09369918500865505,1.6997707897373895,7.4141729504615075
opt13b_sharegpt,OPT-13B + ShareGPT,phase,PhaseServe,4.75,0.1484375,0.18759535298303653,1.1846116299027005,15.851831489242613,41.4569982743822,47.50538347809575,0.10208537997599476,1.8159379675358325,6.74806303972938
opt13b_sharegpt,OPT-13B + ShareGPT,phase,PhaseServe,5.0,0.15234375,0.19140594053401355,1.1779643662606771,14.629435380455106,39.17153356354683,46.24384825509973,0.09498227285506505,1.4016243046914623,8.294057626565934
